{
  "ascending": {
    "heading_deg": -12.51,
    "look_azimuth_deg": 77.49000000000001,
    "theta_rad": 1.3524556373704062,
    "incidence_deg": 33.0,
    "alpha_rad": 0.5759586531581288,
    "hlos": 0.838670567945424,
    "elos": -0.5317083329117621
  },
  "descending": {
    "heading_deg": -167.49,
    "look_azimuth_deg": -77.49000000000001,
    "theta_rad": -1.3524556373704062,
    "incidence_deg": 33.0,
    "alpha_rad": 0.5759586531581288,
    "hlos": 0.838670567945424,
    "elos": 0.5317083329117621
  }
}
